Spotify ID,Artist IDs,Track Name,Album Name,Artist Name(s),Release Date,Duration (ms),Popularity,Added By,Added At,Genres,Danceability,Energy,Key,Loudness,Mode,Speechiness,Acousticness,Instrumentalness,Liveness,Valence,Tempo,Time Signature
7kUBocchlTtTZVNplR9ZJI,"4f0OXMMSxr0r8Ztx6CdpAl","Trip To Mars (Astronauts)","Trip To Mars (Astronauts)","Sub Zero Project",2021-11-04,182168,62,spotify:user:11124443444,2022-06-10T00:41:23Z,"euphoric hardstyle,rawstyle",0.418,0.865,2,-6.068,1,0.148,0.000647,0.000125,0.441,0.253,150.027,4
4qfD7xjF4ZhteeAc6B7TjA,"5PbgCU02dfdBCAzpOaNmYW","GO STUPID","GO STUPID","Sickmode",2022-04-07,217500,62,spotify:user:11124443444,2022-06-10T00:41:23Z,"",0.557,0.864,11,-4.574,0,0.0702,0.0151,0.0084,0.878,0.464,160.04,4
1f1oSxTFtI9WN7X6GvzMtF,"6UOk7DmvqlzWmo6gjhZvn6,76TM3QXivQvlLmZxdYxMZr","Supa Dupa Fly","Supa Dupa Fly","Da Tweekaz,666",2022-04-14,191413,58,spotify:user:11124443444,2022-06-10T00:41:23Z,"classic hardstyle,euphoric hardstyle,rawstyle,bubble trance,bubblegum dance,eurodance,europop,german techno,hip house",0.584,0.991,8,-5.074,0,0.105,0.149,0.000263,0.398,0.753,154.992,4
5nXwto7SKQ5cp4XhLv5aNB,"7E6DrjKJieOdJKO8mbwCMO","Wanna Stay","Wanna Stay","D-Sturb",2021-10-15,193548,56,spotify:user:11124443444,2022-06-10T00:41:23Z,"classic hardstyle,frenchcore,rawstyle,xtra raw",0.406,0.985,8,-1.539,0,0.175,0.00282,0.0456,0.147,0.235,154.993,4
4ZTlYecOR3S5CYneO8L99s,"7momuad2Twkv5O7MY3dODa,4NgLhqI1DnFwrvxaujQv1g","Incredible (feat. Insali)","Incredible (feat. Insali)","Frontliner,Insali",2021-10-29,195135,50,spotify:user:11124443444,2022-06-10T00:41:23Z,"classic hardstyle,euphoric hardstyle,rawstyle",0.464,0.941,11,-3.001,0,0.386,0.0224,0.0229,0.389,0.266,149.977,4
7dRuNBMc0ha8KjCsYuSEUC,"2DYDFBqoaBP2i9XrTGpOgF,2eOPTQxZPGde8cZPJv80SX","Neo Tokyo","Neo Tokyo","Naeleck,Kan Takahiko",2021-01-08,224000,58,spotify:user:11124443444,2022-06-10T00:41:23Z,"electro",0.484,0.955,6,-2.939,0,0.0452,0.00513,0.884,0.091,0.261,149.991,4
0eSpHVgZCpDYlhKVv9aWB4,"1wuQQfTDZhgNb4GJyhThUs","In The Dark","In The Dark","Warface",2021-10-29,246000,49,spotify:user:11124443444,2022-06-10T00:41:23Z,"rawstyle,xtra raw",0.583,0.963,2,-3.507,1,0.0723,0.00982,0.000679,0.101,0.222,160.016,4
1AL97In5wDss9kvY8wRHH4,"6J6UF3GqOLdt6f4gfazSzf,6L7a6wPGpvLtTwOsMLnF1z","Primal Energy (Haunted Grounds)","Primal Energy (Haunted Grounds)","Ghost Stories,D-Block & S-te-Fan",2022-06-03,350077,57,spotify:user:11124443444,2022-06-10T00:41:23Z,"euphoric hardstyle,classic hardstyle,rawstyle",0.348,0.934,10,-4.278,0,0.238,0.0103,0.0000744,0.0691,0.252,150.185,4
5VCUf3CJuflyaCHf7Fa4mS,"7IeovKzVkfcG9mIJGNzTcT,7E6DrjKJieOdJKO8mbwCMO,3vH8Rv37KXuUZzSHICjTnm","Dance With The Devil","Dance With The Devil","Ran-D,D-Sturb,XCEPTION",2021-02-19,252236,58,spotify:user:11124443444,2022-06-10T00:41:23Z,"classic hardstyle,rawstyle,tekk,frenchcore,xtra raw",0.487,0.939,8,-3.182,0,0.268,0.0261,0,0.0699,0.156,155.06,4
0wM5xMaTddQjAXkNcFBcrR,"6UOk7DmvqlzWmo6gjhZvn6,1rpLzYzfrueWdkpcIunZQl,1Wt63OMKtv6v2ivHuQLm2C","Out Of The Shadows","Legends Of The Elite","Da Tweekaz,Hard Driver,Coone",2022-03-25,222033,51,spotify:user:11124443444,2022-06-10T00:41:23Z,"classic hardstyle,euphoric hardstyle,rawstyle,belgian edm,jumpstyle",0.561,0.946,9,-5.55,1,0.131,0.047,0,0.226,0.181,150.034,4
7vlnsFTtXPgvScUtyAC2gX,"7E6DrjKJieOdJKO8mbwCMO,07E7avQ9K8W8Gr6BCx8aU9,2CREMC4YATn7Bx9ZQku6IH","Party At My Place - Vertile remix","Party At My Place (Vertile remix)","D-Sturb,Alee,Vertile",2021-12-17,189166,49,spotify:user:11124443444,2022-06-10T00:41:23Z,"classic hardstyle,frenchcore,rawstyle,xtra raw,hardstyle",0.515,0.998,8,0.432,0,0.342,0.128,0.00000387,0.946,0.172,155.03,4
5T4IZNtPoKCCwbv7la17dR,"5eHs2hHfUzGizdnrLjc3CW,5NkT0VLTEXldi82KVVnG1b","Gangster For Life - Cryex Remix","Gangster For Life (Cryex Remix)","Act of Rage,Cryex",2021-12-10,213689,50,spotify:user:11124443444,2022-06-10T00:41:23Z,"rawstyle,hardstyle",0.591,0.971,9,-1.609,1,0.188,0.0353,0.000106,0.422,0.38,155.004,4
07B46HFSAMauWkHwp5n50P,"6UOk7DmvqlzWmo6gjhZvn6,1rpLzYzfrueWdkpcIunZQl,1Wt63OMKtv6v2ivHuQLm2C","By The Sword","By The Sword","Da Tweekaz,Hard Driver,Coone",2022-03-03,216376,61,spotify:user:11124443444,2022-06-10T00:41:23Z,"classic hardstyle,euphoric hardstyle,rawstyle,belgian edm,jumpstyle",0.499,0.761,10,-6.397,0,0.034,0.209,0.0000272,0.0998,0.168,149.968,4
0vBOyqICis94fkSwJbfUeF,"5PbgCU02dfdBCAzpOaNmYW,2lpFs8QJyIeVDb2Sq4vZYi","TOO COLD","TOO COLD","Sickmode,Rooler",2021-10-28,186410,61,spotify:user:11124443444,2022-06-10T00:41:23Z,"frenchcore,rawstyle,xtra raw",0.631,0.858,2,-4.895,1,0.178,0.00793,0.000988,0.501,0.337,160.046,4
3xeaR6dAHQHU6rtUPRK9tX,"4f0OXMMSxr0r8Ztx6CdpAl","Rave Culture 2022","Rave Culture 2022","Sub Zero Project",2021-12-10,184000,61,spotify:user:11124443444,2022-06-10T00:41:23Z,"euphoric hardstyle,rawstyle",0.292,0.947,1,-4.449,1,0.0906,0.00171,0.593,0.191,0.0859,150.101,4
3LMyXZVHozagfHXCM7wS4s,"3Ij56hbjOTHq8RgutQwfxC","Brutal 9.0","Brutal 9.0","Radical Redemption",2021-07-30,263642,50,spotify:user:11124443444,2022-06-10T00:41:23Z,"classic hardstyle,rawstyle",0.349,0.956,11,-1.855,0,0.561,0.0594,0,0.111,0.0566,154.884,4
01xdiGuSuIf5qZulm1uqkY,"6L7a6wPGpvLtTwOsMLnF1z,7E6DrjKJieOdJKO8mbwCMO","Feel It!","Feel It!","D-Block & S-te-Fan,D-Sturb",2020-01-21,236903,64,spotify:user:11124443444,2022-06-10T00:41:23Z,"classic hardstyle,euphoric hardstyle,rawstyle,frenchcore,xtra raw",0.459,0.941,9,-2.053,0,0.0777,0.0191,0,0.371,0.399,155.023,4
5z7eJwNSulodOuFB0faCnp,"6J6UF3GqOLdt6f4gfazSzf,6L7a6wPGpvLtTwOsMLnF1z","Inside My Head","Inside My Head","Ghost Stories,D-Block & S-te-Fan",2021-02-23,217600,51,spotify:user:11124443444,2022-06-10T00:41:23Z,"euphoric hardstyle,classic hardstyle,rawstyle",0.39,0.965,9,-2.617,0,0.131,0.00713,0.000345,0.111,0.121,149.916,4
7xmvyYQEVNhY21cWYdj3Yo,"1CqOLQmjzVWXQTiIN5Wucs,37jL2LnGjAkadOCszr8v7C,3Ij56hbjOTHq8RgutQwfxC","Countdown - Radical Redemption Remix","Countdown (Radical Redemption Remix)","TNT,Technoboy,Radical Redemption",2021-11-19,201000,47,spotify:user:11124443444,2022-06-10T00:41:23Z,"euphoric hardstyle,classic hardstyle,rawstyle",0.248,0.942,10,-3.616,0,0.303,0.0762,0.0407,0.0932,0.0394,155.098,4
6AQpd05OyowTvtO7I3BdBU,"3gk0OYeLFWYupGFRHqLSR7,37jL2LnGjAkadOCszr8v7C,3mZnhzeAyjpFhO3cIepzBr","Mellow","Mellow","Showtek,Technoboy,Tuneboy",2016-08-12,169839,56,spotify:user:11124443444,2022-06-10T00:41:23Z,"classic hardstyle,edm,electro house,euphoric hardstyle,pop dance,progressive electro house,rawstyle",0.563,0.873,11,-2.973,0,0.0413,0.0449,0.0852,0.0898,0.403,149.975,4
4bidbyOK1pdyHM3Hu0cvKO,"1Wt63OMKtv6v2ivHuQLm2C,6UOk7DmvqlzWmo6gjhZvn6,1rpLzYzfrueWdkpcIunZQl","Here To Stay","Here To Stay","Coone,Da Tweekaz,Hard Driver",2021-12-16,262587,50,spotify:user:11124443444,2022-06-10T00:41:23Z,"belgian edm,classic hardstyle,euphoric hardstyle,jumpstyle,rawstyle",0.482,0.935,8,-5.081,0,0.108,0.0113,0.00065,0.118,0.331,150.036,4
1a3M9MU7mmhQerLzHSGD3w,"7AGSJihqYPhYy5QzMcwcQT,6Xhhpra0X0hpvC3yZaQ0Du","My Beautiful Fantasy","My Beautiful Fantasy","Phuture Noize,B-Front",2020-01-10,192014,7,spotify:user:11124443444,2022-06-10T00:41:23Z,"australian dance,classic hardstyle,euphoric hardstyle,rawstyle,hardstyle",0.319,0.865,2,-2.528,0,0.0415,0.132,0,0.152,0.0845,155.174,4
5ooJpstPzU3mYDS3PVstCR,"1Wt63OMKtv6v2ivHuQLm2C,6UOk7DmvqlzWmo6gjhZvn6,1rpLzYzfrueWdkpcIunZQl","Falling Angels","Falling Angels","Coone,Da Tweekaz,Hard Driver",2022-01-27,201985,49,spotify:user:11124443444,2022-06-10T00:41:23Z,"belgian edm,classic hardstyle,euphoric hardstyle,jumpstyle,rawstyle",0.464,0.802,5,-5.507,0,0.0561,0.00929,0.0000113,0.126,0.382,75.058,4
5BeV0OiC4VQ3TG7ZlNHHsz,"5nd7jnne7zbsV2J5jBKNOY,2DYDFBqoaBP2i9XrTGpOgF,2OxrEwDhVZodk9XEVBkA6E","Virtual Gaming - Gammer Remix","Virtual Gaming (Gammer Remix)","Gammer,Naeleck,Hige Driver",2021-03-26,158158,54,spotify:user:11124443444,2022-06-10T00:41:23Z,"electro house,happy hardcore,hardcore techno,electro",0.496,0.98,11,-3.434,0,0.0474,0.000291,0.318,0.353,0.391,150.008,4
7CwUoENzTnkHzFlmFfFby4,"4LBa6kTLaQHiONCfTfTaXV,7FTQICqfx93tZdwZJb3wt2","Paradise","Paradise","Toneshifterz,Firelite",2021-06-10,194921,47,spotify:user:11124443444,2022-06-10T00:41:23Z,"classic hardstyle,euphoric hardstyle,hardstyle,rawstyle",0.319,0.861,5,-4.11,1,0.0544,0.0368,0.0000748,0.252,0.202,149.652,4
5rlO2Wr2jifgjiBbPy25Su,"0WbAxASsYdodSlqwserDAW,0l6LU5NRvLTVeRDJZznwLX","Firestone","Firestone","Gunz For Hire,Ava Silver",2022-03-31,241500,52,spotify:user:11124443444,2022-06-10T00:41:23Z,"classic hardstyle,rawstyle",0.2,0.961,5,-2.044,0,0.288,0.0295,0,0.44,0.0397,159.853,4
2cpyfpwJay3ruq1xHSe9qx,"1IzL8byyge5NpSaiTpj5tK,0hugeeQ7SoeVifIKCi1QP7","Take Me Away","Take Me Away","Nicky Vuitton,Audrey Callahan",2022-04-18,196965,41,spotify:user:11124443444,2022-06-10T00:41:23Z,"channel pop",0.487,0.867,5,-4.054,0,0.0307,0.0019,0.000678,0.0561,0.336,144.948,3
5DWoPJxISs9VMRCJBzujB6,"6L7a6wPGpvLtTwOsMLnF1z,4f0OXMMSxr0r8Ztx6CdpAl","Darkest Hour (The Clock)","Darkest Hour (The Clock)","D-Block & S-te-Fan,Sub Zero Project",2019-03-04,241600,58,spotify:user:11124443444,2022-06-10T00:41:23Z,"classic hardstyle,euphoric hardstyle,rawstyle",0.535,0.877,3,-2.181,0,0.0465,0.033,0.000167,0.144,0.115,150.022,4
05EG9LwFCVjkoYEWzsrHHO,"3ZaPFQ05J5qSM5I3Smbp44","Legend","Phantom","Tevvez",2020-12-04,189679,76,spotify:user:11124443444,2022-06-10T00:41:23Z,"",0.294,0.707,2,-5.418,1,0.0389,0.0408,0.106,0.0705,0.0395,149.94,4
3ppJijBGMSBnz45elmwh5V,"6L7a6wPGpvLtTwOsMLnF1z","Primal Energy (Defqon.1 2020 Anthem)","Primal Energy (Defqon.1 2020 Anthem)","D-Block & S-te-Fan",2020-02-28,316800,0,spotify:user:11124443444,2022-06-10T00:41:23Z,"classic hardstyle,euphoric hardstyle,rawstyle",0.297,0.935,11,-2.188,0,0.0758,0.0251,0.0000104,0.157,0.147,112.603,3
0cfxGRaCEFKwz66bURIYz5,"0IUq1plF3ON4Fboj1bE6kN,4NgNsOXSwIzXlUIJcpnNUp,5QySqc6yAFDx9m7fedFZmC","Silence - Brennan Heart Remix","Silence (feat. Sarah McLachlan) [Brennan Heart Remix]","Delerium,Sarah McLachlan,Brennan Heart",2021-10-07,263453,55,spotify:user:11124443444,2022-06-10T00:41:23Z,"trance,canadian pop,canadian singer-songwriter,ectofolk,lilith,permanent wave,pop rock,classic hardstyle,euphoric hardstyle,rawstyle",0.204,0.817,9,-3.706,0,0.0505,0.0196,0.000029,0.0678,0.195,149.686,4
2WEAjQeoTRm7T3leqV2YfQ,"0aKXalHKVzkLJ6aeUY3HMf,5SxjKJ2HIg3dVQ427HYVHS,7xhR4wM8X8SeGTKKPujotA","Popcorn","Popcorn","Outsiders,Bass Chaserz,Anita Doth",2021-06-25,196645,57,spotify:user:11124443444,2022-06-10T00:41:23Z,"nederlandse hardstyle,carnaval,rawstyle",0.596,0.965,7,-5.552,1,0.227,0.0343,0.0000448,0.0798,0.338,154.976,4
0YHL0wDP6b7ov6h0yEhorO,"2rTo8KIkBTFjQS7VvaKYQ4,5QWt56OIzFSPRpD7VeRkbc,7rEAvtkj6sNUlQXlYRldrs","Rave Love","Rave Love","W&W,AXMO,SONJA",2020-10-23,189000,59,spotify:user:11124443444,2022-06-10T00:41:23Z,"big room,dutch trance,edm,electro house,pop dance,deep big room",0.393,0.895,6,-4.935,0,0.0493,0.00259,0.000407,0.151,0.183,160.057,4
45y8anJchQhBeBRuw9KJle,"6UOk7DmvqlzWmo6gjhZvn6,7IFPeV5Ew63S7Hid0AjNgK,3vH8Rv37KXuUZzSHICjTnm","Animal In Me","Animal In Me","Da Tweekaz,Sound Rush,XCEPTION",2022-02-17,251460,51,spotify:user:11124443444,2022-06-10T00:41:23Z,"classic hardstyle,euphoric hardstyle,rawstyle",0.536,0.984,0,-3.48,1,0.115,0.000362,0.000031,0.281,0.265,149.996,4
74CkeJ0vYYTdQImnaLy759,"49CE2ffZ6Z3zeYSDauSKck,6KZDXtSj0SzGOV705nNeh3,5QySqc6yAFDx9m7fedFZmC","Ride With Me (feat. Kid Ink) - Brennan Heart Remix","Ride With Me (feat. Kid Ink) [Brennan Heart Remix]","Tungevaag,Kid Ink,Brennan Heart",2021-07-02,230400,66,spotify:user:11124443444,2022-06-10T00:41:23Z,"big room,dance pop,edm,electro house,nordic house,pop dance,tropical house,hip hop,pop rap,rap,southern hip hop,trap,classic hardstyle,euphoric hardstyle,rawstyle",0.693,0.864,4,-4.17,0,0.0483,0.278,0.0388,0.0777,0.142,149.998,4
0N4QGYBSaeRwmo4pxuEG0x,"1wuQQfTDZhgNb4GJyhThUs","No Paradise","No Paradise","Warface",2020-05-18,241548,54,spotify:user:11124443444,2022-06-10T00:41:23Z,"rawstyle,xtra raw",0.498,0.936,11,-4.479,0,0.0766,0.00507,0.00000284,0.12,0.334,154.872,4
70w4eBsa2UagTSYLkPT5yv,"7ikySCCJo3shAEZsoKEtVK,1gFaP9K5NYWzaBLZkFx4ch","Darkness Disappears","Darkness Disappears (feat. Niclas Lundin)","Rebourne,Niclas Lundin",2021-10-14,188800,42,spotify:user:11124443444,2022-06-10T00:41:23Z,"australian dance,classic hardstyle,euphoric hardstyle,hardstyle,rawstyle",0.324,0.817,11,-3.374,0,0.058,0.000758,0.00000328,0.0823,0.399,150.339,4
1aBr1v8aS3fealiWZv653k,"7IFPeV5Ew63S7Hid0AjNgK,6C0KWmCdqrLU2LzzWBPbOy","Take It All - Headhunterz Remix","The Art Of Remixes EP 2021 Part III","Sound Rush,Headhunterz",2021-11-11,218000,52,spotify:user:11124443444,2022-06-10T00:41:23Z,"classic hardstyle,euphoric hardstyle,rawstyle,melbourne bounce international",0.191,0.877,0,-3.686,0,0.109,0.00348,0.00267,0.138,0.271,150.055,4
2xw66v4Dh3IDfSNwVHeDDq,"2CREMC4YATn7Bx9ZQku6IH","On My Own","On My Own","Vertile",2022-02-11,230709,49,spotify:user:11124443444,2022-06-10T00:41:23Z,"hardstyle,rawstyle",0.499,0.988,9,-0.779,0,0.123,0.0226,0,0.12,0.142,155.065,4
22sqJxkSYyrYRz2CCH9Nbl,"1Wt63OMKtv6v2ivHuQLm2C,6UOk7DmvqlzWmo6gjhZvn6,1rpLzYzfrueWdkpcIunZQl","A Thousand Journeys","A Thousand Journeys","Coone,Da Tweekaz,Hard Driver",2021-07-15,246566,5,spotify:user:11124443444,2022-06-10T00:41:23Z,"belgian edm,classic hardstyle,euphoric hardstyle,jumpstyle,rawstyle",0.434,0.794,5,-5.3,0,0.0931,0.125,0,0.201,0.149,149.969,4
5CBV7Q4ZXw3r2wVd5aGaDt,"4f0OXMMSxr0r8Ztx6CdpAl","Lions","Lions","Sub Zero Project",2022-03-10,274910,54,spotify:user:11124443444,2022-06-10T00:41:23Z,"euphoric hardstyle,rawstyle",0.27,0.863,10,-5.574,0,0.128,0.000201,0.00498,0.137,0.169,149.681,4
4SR46lHTitWMTzRTwsFIa6,"4FDj6mh458K7m9Txwyj2rt,0aKXalHKVzkLJ6aeUY3HMf","Irrenhaus","Irrenhaus","Harris & Ford,Outsiders",2021-07-16,203599,63,spotify:user:11124443444,2022-06-10T00:41:23Z,"partyschlager,nederlandse hardstyle",0.446,0.878,11,-3.898,0,0.0615,0.176,0,0.0918,0.233,154.953,4
5be1i9zXIIl6FGaxOlFZ4o,"5zXPv1332E2IWXvjotBr09,0xMCuSqF7uPefaatWnEx7F","I Like It","I Like It","Crude Intentions,Ruthless",2022-03-24,185250,44,spotify:user:11124443444,2022-06-10T00:41:23Z,"hardstyle,rawstyle",0.686,0.952,1,-1.701,1,0.203,0.103,0.609,0.369,0.34,160.017,4
2SfZz1PiMgma882CqeEvqf,"1Wt63OMKtv6v2ivHuQLm2C","Beat Of The Drum","Beat Of The Drum","Coone",2020-12-31,224500,51,spotify:user:11124443444,2022-06-10T00:41:23Z,"belgian edm,classic hardstyle,euphoric hardstyle,jumpstyle,rawstyle",0.511,0.862,11,-4.794,0,0.0469,0.00205,0.0000272,0.0814,0.238,152.942,4
7KRWjS9cKpKksx9OVtJqbI,"7AGSJihqYPhYy5QzMcwcQT","An Idea Never Dies (X-Qlusive OST)","An Idea Never Dies (X-Qlusive OST)","Phuture Noize",2022-04-15,174967,49,spotify:user:11124443444,2022-06-10T00:41:23Z,"australian dance,classic hardstyle,euphoric hardstyle,rawstyle",0.417,0.942,2,-4.52,0,0.158,0.0143,0.00207,0.435,0.0543,155.058,4
1P0mcQCTn85NY7I1cKFVZh,"5QySqc6yAFDx9m7fedFZmC","Thunder","Thunder","Brennan Heart",2021-09-09,241032,53,spotify:user:11124443444,2022-06-10T00:41:23Z,"classic hardstyle,euphoric hardstyle,rawstyle",0.486,0.846,0,-3.31,1,0.0777,0.0622,0.00403,0.345,0.162,153.038,4
26aTIeF87ZP7IprFP3vqbi,"0wr85NuJuAYZsRzP1lJgiV,7mE37XRULrIzHfg9OWmIud","Shake The Ground","Shake The Ground (feat. Noubya)","Wildstylez,Noubya",2020-09-10,213200,48,spotify:user:11124443444,2022-06-10T00:41:23Z,"classic hardstyle,euphoric hardstyle,rawstyle",0.34,0.933,9,-4.564,0,0.0589,0.00445,0.000227,0.151,0.137,149.977,4
2ybm6gECxGAXmmsoNUtgLc,"0MBGxwmCdXdO26ojaNcT64,0I5is4tdxHhT3Ft2EzPjlB,4LBa6kTLaQHiONCfTfTaXV","All Or Nothing","All Or Nothing","Atmozfears,Code Black,Toneshifterz",2020-08-27,168135,51,spotify:user:11124443444,2022-06-10T00:41:23Z,"classic hardstyle,euphoric hardstyle,rawstyle,hardstyle",0.518,0.846,11,-3.717,0,0.0494,0.00904,0.00000118,0.12,0.249,149.947,4
27OTwxrYEXm7KowtJ8QqMN,"1CqOLQmjzVWXQTiIN5Wucs,2gZzTzeACSwFqkMroVxmnm","Wonder","Wonder","TNT,Darren Styles",2020-12-11,222122,52,spotify:user:11124443444,2022-06-10T00:41:23Z,"euphoric hardstyle,happy hardcore,hardcore techno",0.449,0.985,6,-2.508,1,0.0613,0.00193,0.136,0.111,0.296,155.008,4
2jkoanGKXN9I3gfeYo4aph,"1Wt63OMKtv6v2ivHuQLm2C,6UOk7DmvqlzWmo6gjhZvn6,1rpLzYzfrueWdkpcIunZQl,1VUCpVmcvvkZ9W65lm7Wob","Toss A Coin To Your Witcher","Toss A Coin To Your Witcher","Coone,Da Tweekaz,Hard Driver,Bram Boender",2020-09-10,252800,62,spotify:user:11124443444,2022-06-10T00:41:23Z,"belgian edm,classic hardstyle,euphoric hardstyle,jumpstyle,rawstyle",0.268,0.867,10,-4.439,0,0.0922,0.0171,0,0.108,0.301,149.953,4
3QeEf7TMugwZkmn0hPmXio,"6L7a6wPGpvLtTwOsMLnF1z,2FmgW6Jee0JQKtb6EnBWCq","Harder State Of Mind","Harder State Of Mind","D-Block & S-te-Fan,DJ Isaac",2020-06-09,236800,65,spotify:user:11124443444,2022-06-10T00:41:23Z,"classic hardstyle,euphoric hardstyle,rawstyle,australian dance,gabba,happy hardcore,hardcore techno",0.515,0.94,9,-2.452,0,0.0478,0.0044,0.0000106,0.23,0.284,150.051,4
7aKme0bvekUFoMI0cHGIRk,"1Wt63OMKtv6v2ivHuQLm2C,5QySqc6yAFDx9m7fedFZmC","Fine Day","Fine Day","Coone,Brennan Heart",2020-03-27,236800,53,spotify:user:11124443444,2022-06-10T00:41:23Z,"belgian edm,classic hardstyle,euphoric hardstyle,jumpstyle,rawstyle",0.502,0.956,1,-4.445,0,0.0874,0.0772,0.00194,0.0455,0.266,150.018,4
1yzRHp7bEhYHhpEU8ji8Y9,"1CqOLQmjzVWXQTiIN5Wucs,37jL2LnGjAkadOCszr8v7C,3mZnhzeAyjpFhO3cIepzBr","Gung","Gung","TNT,Technoboy,Tuneboy",2019-08-16,212429,0,spotify:user:11124443444,2022-06-10T00:41:23Z,"euphoric hardstyle,classic hardstyle,rawstyle",0.558,0.985,1,-3.191,1,0.0818,0.00469,0.0000529,0.297,0.612,149.992,4
4yCzT5UoxQ6z5xKc8Trgxk,"5cPNMq5lKAoAKyv5kdpz9s,4by5ENA6ZMNCQkOX3RIh0G","Burning - JNXD Remix","Burning (JNXD Remix)","Frequencerz,JNXD",2021-03-30,229634,44,spotify:user:11124443444,2022-06-10T00:41:23Z,"classic hardstyle,euphoric hardstyle,rawstyle,hardstyle",0.564,0.946,11,-4.256,0,0.239,0.00948,0.00000543,0.21,0.071,154.938,4
6eyuU00bw19YhHGhvbLKcr,"7IeovKzVkfcG9mIJGNzTcT","Hurricane","We Rule The Night","Ran-D",2020-05-01,295646,0,spotify:user:11124443444,2022-06-10T00:41:23Z,"classic hardstyle,rawstyle,tekk",0.577,0.978,8,-1.561,0,0.416,0.0321,0,0.34,0.365,155.234,4
3tvFbMS6E3mk6KY3hJn3Ht,"2DYDFBqoaBP2i9XrTGpOgF,6jZl6risV5vg6O83zKSHHs","Danse Macabre - Kan Takahiko Remix","Danse Macabre","Naeleck,Oddity",2015-03-30,267200,39,spotify:user:11124443444,2022-06-10T00:41:23Z,"electro",0.635,0.933,0,-4.264,1,0.221,0.00678,0.0236,0.343,0.151,150.06,4
2MxsTNQvvAJuuHK1V6nMQV,"7E6DrjKJieOdJKO8mbwCMO","World Out There","World Out There","D-Sturb",2020-05-07,202495,48,spotify:user:11124443444,2022-06-10T00:41:23Z,"classic hardstyle,frenchcore,rawstyle,xtra raw",0.47,0.974,6,-2.916,0,0.116,0.000764,0.00000819,0.4,0.321,154.989,4
5zpE5HInlIIxJpnjEZ3FwU,"4j1Br3T2yrQIWd7LUip8t4","Making Memories","Making Memories","JDX",2020-08-02,226000,42,spotify:user:11124443444,2022-06-10T00:41:23Z,"classic hardstyle,hardstyle,rawstyle",0.449,0.754,1,-11.513,0,0.0831,0.000649,0.0000324,0.794,0.232,149.861,4
7cUbbqojFIokFmTuybmKPd,"2Zvo5BEkHyaHD1zk180kMz,2485N1Onccs2tfXtK0AQV8,2amxfbxgDICl7hpPlxBd0J","March Of The LG","March Of The LG","Dimatik,BDN,GRN",2021-07-30,182639,46,spotify:user:11124443444,2022-06-10T00:41:23Z,"classic hardstyle,melbourne bounce international",0.338,0.975,10,-4.843,0,0.123,0.00382,0.784,0.379,0.447,160.708,4
4xepEyAafqTlomdgs7HprF,"3gk0OYeLFWYupGFRHqLSR7,7bNqXqIrIfwJnipx7oGeU4,6UOk7DmvqlzWmo6gjhZvn6","Pum Pum - Da Tweekaz Remix","Pum Pum (Da Tweekaz Remix)","Showtek,Sevenn,Da Tweekaz",2021-05-28,177095,42,spotify:user:11124443444,2022-06-10T00:41:23Z,"classic hardstyle,edm,electro house,euphoric hardstyle,pop dance,progressive electro house,brazilian edm,rawstyle",0.625,0.966,10,-4.315,0,0.0657,0.0882,0.0000144,0.323,0.837,150.059,4
793EkBVuRQKkRHnuXKANtd,"7momuad2Twkv5O7MY3dODa,1pDBb4n20yenVKIfmchhQC","Loud - Radio Edit","Loud","Frontliner,John Harris",2015-08-11,201691,0,spotify:user:11124443444,2022-06-10T00:41:23Z,"classic hardstyle,euphoric hardstyle,rawstyle,jug band",0.514,0.785,1,-4.238,0,0.0286,0.0084,0.00000123,0.343,0.201,149.984,4
2rPj7LoFWCYE0i3bqF73eS,"1Wt63OMKtv6v2ivHuQLm2C,4CBytrQX85XtpfDzvdL3DI","Superman","Trip To Tomorrow","Coone,Jelle van Dael",2018-10-15,222400,52,spotify:user:11124443444,2022-06-10T00:41:23Z,"belgian edm,classic hardstyle,euphoric hardstyle,jumpstyle,rawstyle",0.524,0.885,4,-3.686,0,0.0387,0.0782,0.0000253,0.126,0.186,149.896,4
0G2gHbnJmpGoi4uCkvkkZh,"4f0OXMMSxr0r8Ztx6CdpAl,4EnzLaY6syM2lVhfMRolW2","BASE","BASE","Sub Zero Project,E-Life",2021-08-06,199042,46,spotify:user:11124443444,2022-06-10T00:41:23Z,"euphoric hardstyle,rawstyle,dutch hip hop",0.461,0.846,1,-7.181,1,0.514,0.00385,0,0.705,0.326,154.955,4
3pVVFQ4D1yRBpztapn2hHG,"0wr85NuJuAYZsRzP1lJgiV,5QySqc6yAFDx9m7fedFZmC","Lose My Mind - Radio Edit","Qlimax - 2011","Wildstylez,Brennan Heart",2011-11-25,183266,55,spotify:user:11124443444,2022-06-10T00:41:23Z,"classic hardstyle,euphoric hardstyle,rawstyle",0.522,0.819,0,-4.493,1,0.0365,0.00243,0.00343,0.307,0.374,75.02,4
0YVx5YZIgfYHzlq19hqDeE,"6J6UF3GqOLdt6f4gfazSzf,6L7a6wPGpvLtTwOsMLnF1z","Angels & Demons","Antidote","Ghost Stories,D-Block & S-te-Fan",2017-09-12,179200,53,spotify:user:11124443444,2022-06-10T00:41:23Z,"euphoric hardstyle,classic hardstyle,rawstyle",0.485,0.772,4,-2.966,0,0.0293,0.0951,0.000002,0.105,0.203,150.111,4
2TgDK4TC5KsywTYafAE4Gd,"5QySqc6yAFDx9m7fedFZmC,5d1oOpLkM76Tgr2zWMTYkm","Imaginary","Imaginary","Brennan Heart,Jonathan Mendelsohn",2013-09-23,192500,58,spotify:user:11124443444,2022-06-10T00:41:23Z,"classic hardstyle,euphoric hardstyle,rawstyle",0.552,0.594,2,-6.449,1,0.0306,0.298,0.0000617,0.262,0.287,149.907,4
3Zv7N5Xh7Az7odjfNEvAPT,"1x0ScxgiyFRQDKT4VwcLHa,0Z00sSHBoJ9wsqTY5hT3mP","Anywhere (feat. Andrew Galucki) - Hard Mix","Anywhere (feat. Andrew Galucki)","LNY TNZ,Andrew Galucki",2021-12-17,164000,40,spotify:user:11124443444,2022-06-10T00:41:23Z,"rawstyle,folk-pop",0.509,0.888,7,-2.553,1,0.0757,0.0118,0,0.365,0.194,149.992,4
6ir9zD1NGFdMhFvIrMoiMZ,"6aJRwrwfOffz7RMh2Cfm8e","You","You","Jacob Tillberg",2016-07-02,192004,40,spotify:user:11124443444,2022-06-10T00:41:23Z,"gaming edm",0.587,0.788,1,-4.581,1,0.0419,0.0147,0.0000784,0.179,0.171,150.118,4
5PSR3ul57ZNTQi4Al6xtUz,"0MBGxwmCdXdO26ojaNcT64,0F1UBU7ZD8HOR44X5M6eMT","Release - Radio Edit","Release","Atmozfears,David Spekter",2015-06-15,238420,52,spotify:user:11124443444,2022-06-10T00:41:23Z,"classic hardstyle,euphoric hardstyle,rawstyle,canadian pop",0.483,0.683,2,-6.903,0,0.0364,0.0105,0.000149,0.106,0.12,149.841,4
2TC7je10DQftOBez1PRDRC,"52I8HbScEEvgwiiSDaM7gP,7iajTuviby3038TmfrpvZ3","World Is Mine","World Is Mine","Audiotricz,Villain",2017-08-09,164000,52,spotify:user:11124443444,2022-06-10T00:41:23Z,"classic hardstyle,euphoric hardstyle,hardstyle,rawstyle",0.554,0.869,7,-4.769,0,0.0471,0.00925,0.000492,0.356,0.0988,150.146,4
0X89hVtXc6V04eRMCjB1Vj,"4f0OXMMSxr0r8Ztx6CdpAl,5gdYdbKxGw2Mq25TfsmH6q","Nightmare Nirvana","Nightmare Nirvana","Sub Zero Project,Diandra Faye",2022-05-06,270786,55,spotify:user:11124443444,2022-06-10T00:41:23Z,"euphoric hardstyle,rawstyle",0.419,0.826,1,-5.692,1,0.185,0.0015,0.0105,0.319,0.212,156.917,4
6c0vdY5EZOx8g95uWcp3uI,"6C0KWmCdqrLU2LzzWBPbOy,2DTw633fgdoxrqv7uPdcCw","Dragonborn part 3 (Oceans Apart)","Dragonborn part 3 (Oceans Apart) [feat. Sian Evans]","Headhunterz,Sian Evans",2020-10-01,210163,56,spotify:user:11124443444,2022-06-10T00:41:23Z,"classic hardstyle,euphoric hardstyle,melbourne bounce international,rawstyle",0.244,0.692,9,-6.225,0,0.0536,0.00356,0.00000875,0.12,0.0993,149.673,4
2fR4NdUZJditzpS2iBWxiY,"4f0OXMMSxr0r8Ztx6CdpAl","Rave Into Space","Rave Into Space","Sub Zero Project",2020-03-31,247400,59,spotify:user:11124443444,2022-06-10T00:41:23Z,"euphoric hardstyle,rawstyle",0.36,0.896,10,-4.2,0,0.0958,0.0185,0.000895,0.579,0.119,150.127,4
3b6ieVXywj9HJjcu16mr2J,"5QySqc6yAFDx9m7fedFZmC,6NXk2pLFocS2OkNdT7ncBt","Won't Hold Me Down (Gravity)","Show Your True Colors","Brennan Heart,Trevor Guthrie",2019-03-22,214400,47,spotify:user:11124443444,2022-06-10T00:41:23Z,"classic hardstyle,euphoric hardstyle,rawstyle,canadian pop",0.578,0.625,3,-3.885,0,0.0292,0.122,0,0.0962,0.124,150.049,4
1umoIL3ShVbbYdvtGZm8lY,"7fMJN4fdEwmFWd8uz5pnKx","Luminosity","EP I","Project One",2017-11-10,195600,0,spotify:user:11124443444,2022-06-10T00:41:23Z,"classic hardstyle,euphoric hardstyle,frenchcore,rawstyle",0.507,0.72,9,-5.913,0,0.0401,0.425,0.113,0.104,0.208,150.12,4
0mWGz6hPTPuOK3SaETnqCo,"1Uk4IDpF1OIuTzANugS5JC","Imagine","Imagine","Bass Modulators",2018-01-03,244133,54,spotify:user:11124443444,2022-06-10T00:41:23Z,"classic hardstyle,euphoric hardstyle,hardstyle,rawstyle",0.302,0.865,0,-3.216,1,0.0348,0.0199,0.00000725,0.328,0.152,150.082,4
57mgyauwTOeC725Xa0zJdw,"7IFPeV5Ew63S7Hid0AjNgK,1rpLzYzfrueWdkpcIunZQl,6kK6lCbJfPgDH6plFWQQID","See You","See You","Sound Rush,Hard Driver,Maikki",2022-05-19,254901,53,spotify:user:11124443444,2022-06-10T00:41:23Z,"classic hardstyle,euphoric hardstyle,rawstyle",0.492,0.954,1,-4.011,0,0.21,0.021,0.000496,0.203,0.316,152.984,4
0OKHUom3gY9xWago6Y1BKk,"45eNHdiiabvmbp4erw26rg,5h7oZ7t5CU9lst1mIrjp3R,7xklw3WodFZiNNmQt3DIgp,6C0KWmCdqrLU2LzzWBPbOy","Paper Thin - Headhunterz Remix","Paper Thin (Headhunterz Remix)","ILLENIUM,Tom DeLonge,Angels & Airwaves,Headhunterz",2020-11-30,245392,56,spotify:user:11124443444,2022-06-10T00:41:23Z,"edm,melodic dubstep,pop,pop dance,tropical house,san diego indie,pop punk,socal pop punk,classic hardstyle,euphoric hardstyle,melbourne bounce international,rawstyle",0.398,0.799,1,-4.424,1,0.0484,0.031,0.00000659,0.19,0.288,154.046,4
21eGoV8gNSgKWuYE6HCqXO,"1x0ScxgiyFRQDKT4VwcLHa,6UOk7DmvqlzWmo6gjhZvn6","We Go Up - Da Tweekaz Remix","We Go Up (Remixes)","LNY TNZ,Da Tweekaz",2018-08-10,218557,55,spotify:user:11124443444,2022-06-10T00:41:23Z,"rawstyle,classic hardstyle,euphoric hardstyle",0.522,0.916,10,-4.559,0,0.047,0.0186,0,0.177,0.453,150.04,4
3uJnYKR844kT7MLpm0cquz,"2gZzTzeACSwFqkMroVxmnm,6UOk7DmvqlzWmo6gjhZvn6","Us Against The World (Da Tweekaz Remix)","The Qontinent 2017","Darren Styles,Da Tweekaz",2017-08-11,222400,58,spotify:user:11124443444,2022-06-10T00:41:23Z,"happy hardcore,hardcore techno,classic hardstyle,euphoric hardstyle,rawstyle",0.478,0.878,1,-3.431,0,0.0403,0.0431,0.0000193,0.0719,0.289,149.671,4
7tniXeRpDkUhJ5WlBkcs6l,"6L7a6wPGpvLtTwOsMLnF1z","Promised Land","Antidote","D-Block & S-te-Fan",2017-09-12,227200,51,spotify:user:11124443444,2022-06-10T00:41:23Z,"classic hardstyle,euphoric hardstyle,rawstyle",0.495,0.944,0,-1.727,0,0.0539,0.0212,0.0000014,0.273,0.381,149.924,4
7rKS9FoVpE1mLrbxCnlokX,"7IeovKzVkfcG9mIJGNzTcT","Hurricane","Hurricane","Ran-D",2018-08-13,295646,56,spotify:user:11124443444,2022-06-10T00:41:23Z,"classic hardstyle,rawstyle,tekk",0.575,0.979,8,-1.561,0,0.396,0.0321,0,0.34,0.366,155.032,4
0ZNPSYOzJxUig6B12NC7RN,"1x0ScxgiyFRQDKT4VwcLHa,5DzNxD4vwCDEIa20oEzB9l","Front 2 Back","Front 2 Back","LNY TNZ,Crystal Lake",2022-04-15,188804,42,spotify:user:11124443444,2022-06-10T00:41:23Z,"rawstyle",0.461,0.867,7,-3.65,0,0.0588,0.0116,0.00495,0.354,0.0536,150.047,4
5okvHWU4eDKQzeihQFuYaP,"0I5is4tdxHhT3Ft2EzPjlB,0MBGxwmCdXdO26ojaNcT64","Accelerate (Official XXlerator Anthem 2014)","Accelerate (Official XXlerator Anthem 2014)","Code Black,Atmozfears",2014-05-05,275200,48,spotify:user:11124443444,2022-06-10T00:41:23Z,"classic hardstyle,euphoric hardstyle,rawstyle",0.567,0.978,2,-1.767,1,0.125,0.0042,0.00000297,0.117,0.407,150.024,4
6jzqY97VGs6UqEhAVOuGRz,"6C0KWmCdqrLU2LzzWBPbOy,4f0OXMMSxr0r8Ztx6CdpAl","Our Church","The Return Of Headhunterz","Headhunterz,Sub Zero Project",2018-03-02,268800,57,spotify:user:11124443444,2022-06-10T00:41:23Z,"classic hardstyle,euphoric hardstyle,melbourne bounce international,rawstyle",0.477,0.957,6,-3.468,0,0.26,0.00877,0.0496,0.304,0.117,150.001,4
7zVtu5K61OivymXHENlZqb,"4OPaH4YIqua9DUnI7t0fOQ","See Me Now (Da Tweekaz Remix) - Radio Version","See Me Now (Da Tweekaz Remix)","Mark With a K",2016-03-01,223050,48,spotify:user:11124443444,2022-06-10T00:41:23Z,"belgian edm,euphoric hardstyle,jumpstyle",0.512,0.892,3,-3.489,1,0.0324,0.00326,0,0.195,0.445,149.982,4
4Dbt2x7GA318BDSyVBhr8l,"2Zvo5BEkHyaHD1zk180kMz,3qmNvfj1RIoMrfqmjZpwXi","I Am a Raver (Reborn)","I Am a Raver (Reborn)","Dimatik,DJ Rankin",2022-01-14,211400,42,spotify:user:11124443444,2022-06-10T00:41:23Z,"classic hardstyle,melbourne bounce international",0.606,0.893,3,-4.838,1,0.0468,0.00676,0.0464,0.0642,0.154,149.988,4
3ZofBN4FoNuRlBqRN2q9Mg,"7momuad2Twkv5O7MY3dODa,1pDBb4n20yenVKIfmchhQC","Halos - Edit","Halos","Frontliner,John Harris",2012-11-05,203037,0,spotify:user:11124443444,2022-06-10T00:41:23Z,"classic hardstyle,euphoric hardstyle,rawstyle,jug band",0.544,0.873,1,-6.811,0,0.0348,0.141,0.146,0.09,0.658,150.02,4
4OoCOOeNECyO01S8L89Flv,"6UOk7DmvqlzWmo6gjhZvn6,5nd7jnne7zbsV2J5jBKNOY","I'm With You","I'm With You","Da Tweekaz,Gammer",2020-07-16,208617,42,spotify:user:11124443444,2022-06-10T00:41:23Z,"classic hardstyle,euphoric hardstyle,rawstyle,electro house,happy hardcore,hardcore techno",0.545,0.865,0,-4.894,0,0.0502,0.00448,0,0.0657,0.237,155.048,4
20ke4pe9bd0xgtSxITAhqU,"2kK1cYRoYo24RzsHADtD0E,05ndiewdJogtosuRWN8iwF","Wildfire - Adaro Remix","Wildfire (Adaro Remix)","Re-Style,Adaro",2020-07-24,207369,44,spotify:user:11124443444,2022-06-10T00:41:23Z,"frenchcore,gabba,happy hardcore,hardcore techno,classic hardstyle,rawstyle",0.357,0.871,1,-3.615,1,0.0399,0.000679,0,0.0483,0.312,154.95,3
6YUB4Wv4yJluyWsq3s9gjb,"6L7a6wPGpvLtTwOsMLnF1z,6J6UF3GqOLdt6f4gfazSzf","Ghost Stories","Ghost Stories","D-Block & S-te-Fan,Ghost Stories",2018-08-13,230400,0,spotify:user:11124443444,2022-06-10T00:41:23Z,"classic hardstyle,euphoric hardstyle,rawstyle",0.44,0.898,9,-2.911,0,0.0434,0.157,0,0.0784,0.124,150.119,4
5DOL2R736GPvEL6yE05n4R,"0SfsnGyD8FpIN4U4WCkBZ5,29zsVzEH33dD5QqxeL8dvy,62RdOEwjfXjFOQpKdufMR7,0wr85NuJuAYZsRzP1lJgiV","Great Spirit - Wildstylez Remix","Great Spirit (Wildstylez Remix)","Armin van Buuren,Vini Vici,Hilight Tribe,Wildstylez",2017-07-07,236000,52,spotify:user:11124443444,2022-06-10T00:41:23Z,"dutch trance,edm,pop dance,progressive house,trance,progressive uplifting trance,didgeridoo,psychedelic trance,classic hardstyle,euphoric hardstyle,rawstyle",0.276,0.942,11,-5.882,0,0.172,0.00351,0.0511,0.454,0.0509,149.982,4
0yTzy8hWBrN0rLlM7oUF7L,"6xQvQwZQQuq9R3TdPNbcR8","Snatch","Snatch","Bassjackers",2019-07-22,181846,46,spotify:user:11124443444,2022-06-10T00:41:23Z,"dutch house,edm,electro house,pop dance,progressive electro house",0.697,0.966,8,-3.396,1,0.119,0.000652,0.0672,0.106,0.353,130.016,4
3KQVhTF2eqfU1jR1b74Xcw,"4j1Br3T2yrQIWd7LUip8t4,54m0kWStkzCaCVimZJOXRW","Live The Moment","Hard Bass 2019 The Last Formation","JDX,Sarah Maria",2019-02-08,212804,49,spotify:user:11124443444,2022-06-10T00:41:23Z,"classic hardstyle,hardstyle,rawstyle",0.312,0.813,3,-6.481,1,0.0395,0.0609,0.0124,0.4,0.202,150.095,4
2OhvhEa8B0GI88Zedl7xGl,"6L7a6wPGpvLtTwOsMLnF1z","Music Made Addict","Music Made Addictz","D-Block & S-te-Fan",2009-09-25,280895,47,spotify:user:11124443444,2022-06-10T00:41:23Z,"classic hardstyle,euphoric hardstyle,rawstyle",0.602,0.875,10,-5.856,0,0.0387,0.00228,0.906,0.395,0.218,148.033,4
0aQKFxHXdaWLJK4gFVGIdp,"6C0KWmCdqrLU2LzzWBPbOy,0wr85NuJuAYZsRzP1lJgiV,6qJ61DomA73g7jQEKESw9Z","Tonight - Alpha2 RMX","Tonight (Alpha2 RMX)","Headhunterz,Wildstylez,Noisecontrollers",2012-01-16,358400,42,spotify:user:11124443444,2022-06-10T00:41:23Z,"classic hardstyle,euphoric hardstyle,melbourne bounce international,rawstyle",0.468,0.942,6,-2.646,0,0.0913,0.0723,0.00175,0.086,0.294,150.047,4
5ZHdiROs72t0QpMHggDSNW,"5QySqc6yAFDx9m7fedFZmC,0wr85NuJuAYZsRzP1lJgiV","Lose My Mind","DEDIQATED - 20 Years Of Q-dance","Brennan Heart,Wildstylez",2020-02-03,182079,48,spotify:user:11124443444,2022-06-10T00:41:23Z,"classic hardstyle,euphoric hardstyle,rawstyle",0.53,0.866,0,-4.001,1,0.035,0.00909,0.00142,0.352,0.377,150.043,4
10ZpPhFc9rMNdlyW3WsL0s,"6C0KWmCdqrLU2LzzWBPbOy","Scrap Attack (Defqon.1 Anthem 2009)","DEDIQATED - 20 Years Of Q-dance","Headhunterz",2020-02-03,437450,41,spotify:user:11124443444,2022-06-10T00:41:23Z,"classic hardstyle,euphoric hardstyle,melbourne bounce international,rawstyle",0.489,0.875,7,-5.416,1,0.112,0.00306,0.0502,0.0647,0.188,149.984,4
5FOKOPyNOyxJRClqv6XBOl,"5QySqc6yAFDx9m7fedFZmC,5d1oOpLkM76Tgr2zWMTYkm","Imaginary","DEDIQATED - 20 Years Of Q-dance","Brennan Heart,Jonathan Mendelsohn",2020-02-03,192500,41,spotify:user:11124443444,2022-06-10T00:41:23Z,"classic hardstyle,euphoric hardstyle,rawstyle",0.552,0.594,2,-6.449,1,0.0306,0.298,0.0000617,0.262,0.287,149.907,4
4dihx3emTRixgkskB8n8lH,"6C0KWmCdqrLU2LzzWBPbOy","Rock Civilization","The Best of Headhunterz","Headhunterz",2009-03-16,354091,48,spotify:user:11124443444,2022-06-10T00:41:23Z,"classic hardstyle,euphoric hardstyle,melbourne bounce international,rawstyle",0.703,0.994,9,-6.376,0,0.193,0.0355,0.727,0.864,0.0733,150,4
1TwbzKMxFBExaDEUWqQ832,"7IeovKzVkfcG9mIJGNzTcT","Zombie","Zombie","Ran-D",2018-06-01,289548,60,spotify:user:11124443444,2022-06-10T00:41:23Z,"classic hardstyle,rawstyle,tekk",0.436,0.869,4,-2.473,0,0.0615,0.0542,0,0.0979,0.0383,155.051,4
1h2ZpjNE4OKn9ZPEm5Nmye,"05ndiewdJogtosuRWN8iwF,2Bg6vhG3aY7ixxqEGZeos6,3paZuq5Z5ujlOTr3XvQEU0","No Fear","No Fear","Adaro,Phrantic,LXCPR",2022-05-18,226009,50,spotify:user:11124443444,2022-06-10T00:41:23Z,"classic hardstyle,rawstyle,hardstyle",0.364,0.964,10,-2.932,0,0.431,0.0139,0,0.583,0.177,155.024,4
7f8sMzOd2e5eHfiTqThjtQ,"6UOk7DmvqlzWmo6gjhZvn6,1wuQQfTDZhgNb4GJyhThUs","Intents HighScore (Official Intents Festival 2022 Anthem)","Intents HighScore (Official Intents Festival 2022 Anthem)","Da Tweekaz,Warface",2022-05-13,261182,61,spotify:user:11124443444,2022-06-10T00:41:23Z,"classic hardstyle,euphoric hardstyle,rawstyle,xtra raw",0.546,0.961,6,-3.574,0,0.0884,0.0119,0.0000911,0.37,0.492,155.047,4
6rJRzzKjqwLnhRs8Tk3ESj,"7E6DrjKJieOdJKO8mbwCMO","Partystarter","Partystarter","D-Sturb",2021-04-16,244645,45,spotify:user:11124443444,2022-06-10T00:41:23Z,"classic hardstyle,frenchcore,rawstyle,xtra raw",0.544,0.981,1,-2.517,1,0.107,0.00598,0.0000517,0.0751,0.318,155.017,4
6JLQTMDtMKKza7MLbqtoFc,"7IeovKzVkfcG9mIJGNzTcT,7IFPeV5Ew63S7Hid0AjNgK,6CVjs7KznQ47r8xZwPtZsO","We Are The Storm","We Are The Storm","Ran-D,Sound Rush,LePrince",2021-11-19,230556,50,spotify:user:11124443444,2022-06-10T00:41:23Z,"classic hardstyle,rawstyle,tekk,euphoric hardstyle",0.472,0.944,10,-2.551,0,0.0777,0.0129,0,0.102,0.184,155.05,4
64actPn8eUBEg5BvH8voL1,"6TEgtcO3zqHQMe6ko8EHgU","SCK - Radio Edit","SCK","Satchmo",2019-09-17,258004,39,spotify:user:11124443444,2022-06-10T00:41:23Z,"",0.509,0.851,8,-8.562,0,0.0518,0.0499,0.774,0.286,0.505,149.981,4
6jzRTAJ1FBasSiwEylBnCq,"2Zvo5BEkHyaHD1zk180kMz,6Mu4CynRtQyYX8al5IJO47","My Mother Told Me","My Mother Told Me","Dimatik,Und3rsound",2022-04-15,176000,43,spotify:user:11124443444,2022-06-10T00:41:23Z,"classic hardstyle,melbourne bounce international",0.466,0.85,5,-3.985,0,0.0525,0.0039,0.000112,0.167,0.548,149.997,4
3BrjDL7NEUuvwGOhG10O0e,"3ZaPFQ05J5qSM5I3Smbp44","Mystique","Divinity","Tevvez",2019-08-01,181156,71,spotify:user:11124443444,2022-06-10T00:41:23Z,"",0.435,0.543,11,-9.133,0,0.0489,0.0708,0.0000569,0.27,0.205,154.136,3
00YDGBvUs8njlhyfE0cOa1,"6Xhhpra0X0hpvC3yZaQ0Du,7momuad2Twkv5O7MY3dODa","Magic","DEDIQATED - 20 Years Of Q-dance","B-Front,Frontliner",2020-02-03,334554,39,spotify:user:11124443444,2022-06-10T00:41:23Z,"classic hardstyle,euphoric hardstyle,hardstyle,rawstyle",0.557,0.925,8,-4.425,1,0.0847,0.0131,0.657,0.366,0.0571,149.966,4
5IisJ3M2Sacfry7nNJ04Re,"7IFPeV5Ew63S7Hid0AjNgK,3paZuq5Z5ujlOTr3XvQEU0","Mantra","Mantra (feat. LXCPR)","Sound Rush,LXCPR",2022-03-24,186604,49,spotify:user:11124443444,2022-06-10T00:41:23Z,"classic hardstyle,euphoric hardstyle,rawstyle",0.469,0.92,4,-3.951,0,0.0386,0.00065,0,0.231,0.187,150.121,4
4RWYlRUY38uyft6SWGcXpA,"5nd7jnne7zbsV2J5jBKNOY,6g7nQh1zK0QGZVphaMCGWj,6UOk7DmvqlzWmo6gjhZvn6","Lose You","Lose You","Gammer,Tweekacore,Da Tweekaz",2021-07-06,176303,45,spotify:user:11124443444,2022-06-10T00:41:23Z,"electro house,happy hardcore,hardcore techno,classic hardstyle,euphoric hardstyle,rawstyle",0.478,0.825,1,-4.228,1,0.0552,0.0867,0.000483,0.0894,0.2,169.947,4
2XxeonOOGertSBiqmZcwTG,"1x0ScxgiyFRQDKT4VwcLHa,5zXPv1332E2IWXvjotBr09,7zKk52i6Ad4So5HltHRPa9","Bounce Back","Bounce Back","LNY TNZ,Crude Intentions,MC Jeff",2021-10-08,178838,39,spotify:user:11124443444,2022-06-10T00:41:23Z,"rawstyle,hardstyle",0.606,0.923,0,-3.261,1,0.0618,0.0978,0,0.324,0.217,154.994,4
4AnTa4D6tqOPi9AkDbybV1,"18pYFSeMi7sOL6nGMICHtS","We Are The Champions","We Are The Champions","Psyko Punkz",2022-03-16,208807,45,spotify:user:11124443444,2022-06-10T00:41:23Z,"classic hardstyle,euphoric hardstyle,rawstyle",0.404,0.815,1,-4.618,1,0.0591,0.00332,0.00000159,0.413,0.12,154.94,4
2bp5cA0vO66JOyS1UNx02Y,"1x0ScxgiyFRQDKT4VwcLHa","(Not) Going Home - Harder Mix","FVCK GENRES The Remixes","LNY TNZ",2021-01-21,173600,37,spotify:user:11124443444,2022-06-10T00:41:23Z,"rawstyle",0.516,0.785,6,-4.643,0,0.066,0.0592,0,0.27,0.209,150.026,4
52IZuB1orjT6VQoWEby7gU,"1u7OVFmWah4wQhOPIbUb8U,7FTQICqfx93tZdwZJb3wt2","Next Generation (Hard Mix)","Next Generation (Hard Mix)","Will Sparks,Firelite",2020-06-18,192000,47,spotify:user:11124443444,2022-06-10T00:41:23Z,"big room,edm,electro house,melbourne bounce,melbourne bounce international,pop dance,euphoric hardstyle,hardstyle,rawstyle",0.555,0.763,11,-5.617,1,0.0448,0.0123,0.00000155,0.0986,0.21,154.95,4
10WobHNbDyqUBpSc2tfw8m,"18PNlguj4UWXG46wBu567s","Lost In Paradise - Edit","Lost In Paradise","Max Enforcer",2013-11-11,192000,49,spotify:user:11124443444,2022-06-10T00:41:23Z,"classic hardstyle,euphoric hardstyle,hardstyle,rawstyle",0.478,0.957,0,-2.994,0,0.0451,0.0148,0.000351,0.309,0.278,149.992,4
4VjlsvbmJoDmgVCLJI78kL,"7IeovKzVkfcG9mIJGNzTcT","Zombie","Zombie","Ran-D",2017-08-14,289548,0,spotify:user:11124443444,2022-06-10T00:41:23Z,"classic hardstyle,rawstyle,tekk",0.436,0.869,4,-2.473,0,0.0615,0.0542,0,0.0979,0.0383,155.051,4
44O5uIpErSgzn4HOhI6xSe,"0xMCuSqF7uPefaatWnEx7F,5zXPv1332E2IWXvjotBr09","Losing Myself","Losing Myself","Ruthless,Crude Intentions",2022-02-10,170322,40,spotify:user:11124443444,2022-06-10T00:41:23Z,"hardstyle,rawstyle",0.546,0.88,9,-5.007,0,0.0856,0.0542,0.061,0.089,0.513,155.031,4
74tFLjFWzdydNgufg1XpNw,"7IeovKzVkfcG9mIJGNzTcT,6wagDejDLL6ujxepmXcj9m","No Guts No Glory (Defqon.1 Anthem 2015) - Edit","No Guts No Glory (Defqon.1 Anthem 2015)","Ran-D,Skits Vicious",2015-05-18,358535,0,spotify:user:11124443444,2022-06-10T00:41:23Z,"classic hardstyle,rawstyle,tekk",0.404,0.957,5,-3.275,0,0.0874,0.0103,0.00954,0.293,0.15,150.428,4
6dxJs7E10HvvRypGRgcOSU,"3Ij56hbjOTHq8RgutQwfxC","Stronger & Better","Stronger & Better","Radical Redemption",2020-07-15,182903,42,spotify:user:11124443444,2022-06-10T00:41:23Z,"classic hardstyle,rawstyle",0.353,0.915,8,-2.691,1,0.145,0.225,0.0000761,0.116,0.371,154.859,4
7BDzpOG4JFka6ab0O1jn8k,"6qJ61DomA73g7jQEKESw9Z,1Uk4IDpF1OIuTzANugS5JC","See The Light","Chapter One","Noisecontrollers,Bass Modulators",2016-07-15,206515,0,spotify:user:11124443444,2022-06-10T00:41:23Z,"classic hardstyle,euphoric hardstyle,rawstyle,hardstyle",0.44,0.88,0,-5.748,1,0.0919,0.00445,0.0000334,0.0638,0.287,149.744,4
5rEwVrcWQy2hn7bV78rwJC,"6UOk7DmvqlzWmo6gjhZvn6,2FpmZwomIGHEVAICcfIg5T","SHOTJEE","SHOTJEE","Da Tweekaz,Bassbrain",2021-11-18,227767,50,spotify:user:11124443444,2022-06-10T00:41:23Z,"classic hardstyle,euphoric hardstyle,rawstyle",0.563,0.983,2,-4.169,1,0.0797,0.0216,0.0000821,0.347,0.606,154.975,4
4Pz8GNHkByRlPSnhBK0Qj9,"4f0OXMMSxr0r8Ztx6CdpAl","Renaissance Of Rave","Renaissance Of Rave","Sub Zero Project",2022-04-07,197939,56,spotify:user:11124443444,2022-06-10T00:41:23Z,"euphoric hardstyle,rawstyle",0.24,0.657,2,-5.781,0,0.044,0.000389,0.000717,0.256,0.112,157.103,4
4DYgSG7OSTyFuuSQvsXomn,"0wr85NuJuAYZsRzP1lJgiV,4EnzLaY6syM2lVhfMRolW2,0x7ArNSRftvPyCIBHGy1az","One - Album Edit","Lose Control","Wildstylez,E-Life,Noah Jacobs",2015-06-12,205344,49,spotify:user:11124443444,2022-06-10T00:41:23Z,"classic hardstyle,euphoric hardstyle,rawstyle,dutch hip hop",0.535,0.812,0,-3.825,0,0.045,0.0343,0.00000125,0.205,0.499,145.109,4
0i0sko6XxXYGyQKbqWNSko,"5JcSyYpBdqCmjJyVlKh7Yg","In Control","Artificial Intoxication","Rebelion",2022-04-22,223511,51,spotify:user:11124443444,2022-06-10T00:41:23Z,"rawstyle,xtra raw",0.371,0.958,6,-3.289,0,0.203,0.00207,0.00000261,0.301,0.139,160.042,4
1GQmuhnQxZpvuGSi3GI58n,"52NpY0nQvHw021b9j9Ke3y","Love","Love","Physika",2021-04-05,167237,53,spotify:user:11124443444,2022-06-10T00:41:23Z,"hardstyle,rawstyle",0.307,0.776,9,-2.24,1,0.0376,0.119,0.0000024,0.178,0.128,75.359,4
5GebyDL0Z2uZYcjtGHk8Kt,"3Ij56hbjOTHq8RgutQwfxC,6kudMw2A0xOBJHpW8VNaDA","Trailblazer","Trailblazer","Radical Redemption,Nolz",2020-10-15,202838,40,spotify:user:11124443444,2022-06-10T00:41:23Z,"classic hardstyle,rawstyle",0.484,0.958,6,-2.964,1,0.156,0.187,0.000135,0.404,0.253,155.043,4
4oXfq53zABX3oq2fQ7zDzj,"0caJEGgVuXuSHhhrMCmlkI,6L7a6wPGpvLtTwOsMLnF1z","Infinity","Infinity","Sefa,D-Block & S-te-Fan",2022-03-17,239812,60,spotify:user:11124443444,2022-06-10T00:41:23Z,"frenchcore,tekk,uptempo hardcore,classic hardstyle,euphoric hardstyle,rawstyle",0.152,0.932,11,-2.935,0,0.157,0.0938,0,0.0967,0.318,199.713,4
7fE0SzSas23BVIsYFkFaCH,"2Zvo5BEkHyaHD1zk180kMz,7FTQICqfx93tZdwZJb3wt2","Live For The Night","Live For The Night","Dimatik,Firelite",2022-05-27,223741,42,spotify:user:11124443444,2022-06-10T00:41:23Z,"classic hardstyle,melbourne bounce international,euphoric hardstyle,hardstyle,rawstyle",0.555,0.972,3,-2.797,0,0.327,0.017,0.0694,0.266,0.222,154.972,4
6G4gb0qbS3m8XjUUXGd5vr,"0MBGxwmCdXdO26ojaNcT64","outta my head","outta my head","Atmozfears",2021-10-21,251166,40,spotify:user:11124443444,2022-06-10T00:41:23Z,"classic hardstyle,euphoric hardstyle,rawstyle",0.434,0.983,9,-2.1,0,0.298,0.166,0.0488,0.465,0.243,154.992,4
5nkG1wVGbxWMJkFcg6SwYJ,"1rpLzYzfrueWdkpcIunZQl","Down To The Wire","Down To The Wire","Hard Driver",2022-04-08,236862,44,spotify:user:11124443444,2022-06-10T00:41:23Z,"classic hardstyle,rawstyle",0.553,0.917,11,-3.164,0,0.0878,0.117,0.0000691,0.414,0.399,76.507,4
7j3yHIUcCQzuQv3fiQp4BN,"2m5uCiZcpQ50tXsJrThFoM","Horrorshow","Horrorshow","Killshot",2021-01-15,205653,44,spotify:user:11124443444,2022-06-10T00:41:23Z,"rawstyle,uptempo hardcore",0.532,0.942,9,-2.777,1,0.22,0.0917,0,0.122,0.358,159.929,4
5BeV0OiC4VQ3TG7ZlNHHsz,"5nd7jnne7zbsV2J5jBKNOY,2DYDFBqoaBP2i9XrTGpOgF,2OxrEwDhVZodk9XEVBkA6E","Virtual Gaming - Gammer Remix","Virtual Gaming (Gammer Remix)","Gammer,Naeleck,Hige Driver",2021-03-26,158158,54,spotify:user:11124443444,2022-06-10T00:41:23Z,"electro house,happy hardcore,hardcore techno,electro",0.496,0.98,11,-3.434,0,0.0474,0.000291,0.318,0.353,0.391,150.008,4
5fN5insqaHVxLg5f75RyN2,"1IQKojkhmlt1N4JRFS1IkH","Losing Control","Losing Control","Luxho",2022-02-18,182762,39,spotify:user:11124443444,2022-06-10T00:41:23Z,"",0.356,0.938,10,-4.003,0,0.12,0.00111,0.00018,0.919,0.418,155,4
2uy2x6SVdasJCrcbMzKvMg,"05qXxRLLCqng7W9z9cL0J1","Down Here","Down Here","Trye",2022-04-15,204000,38,spotify:user:11124443444,2022-06-10T00:41:23Z,"hardstyle",0.394,0.778,3,-6.224,1,0.0549,0.0131,0.000429,0.133,0.163,150.11,4
5JYwZvbIVMYv0smWL26aOo,"5JcSyYpBdqCmjJyVlKh7Yg,4i8u1FZVapjZBcCyyrAnU3","A.I.","A.I.","Rebelion,Micah Martin",2022-04-14,221701,51,spotify:user:11124443444,2022-06-10T00:41:23Z,"rawstyle,xtra raw",0.414,0.931,6,-4.254,0,0.0751,0.00153,0,0.689,0.295,155.03,4
6Cqo0qJSJlKinxjuflSr9H,"1CqOLQmjzVWXQTiIN5Wucs,37jL2LnGjAkadOCszr8v7C,3mZnhzeAyjpFhO3cIepzBr","OMG","OMG","TNT,Technoboy,Tuneboy",2022-03-18,212891,50,spotify:user:11124443444,2022-06-10T00:41:23Z,"euphoric hardstyle,classic hardstyle,rawstyle",0.684,0.991,1,-3.694,1,0.257,0.013,0.00521,0.0818,0.191,154.941,4
0NyLWvBrcbWWpVEZkz3UVA,"3I15MHvYprvenj5oR3WHWM,1hwhYNM496KpV1DbuBjYyR,02oW60rlHXuLMBiODd6nob","Outlaws","Outlaws","Inpulsa,KIMM,Dirty Workz",2022-04-27,167612,36,spotify:user:11124443444,2022-06-10T00:41:23Z,"deep talent show",0.511,0.895,1,-2.363,1,0.0483,0.0519,0,0.715,0.23,155.026,4
2tld2PLZXQvA7Toq38txGT,"2gZzTzeACSwFqkMroVxmnm,4Dn8TwLoOeWtznIg0LLWFL,5nd7jnne7zbsV2J5jBKNOY","Party Don't Stop","Party Don't Stop","Darren Styles,Dougal,Gammer",2017-07-26,197647,52,spotify:user:11124443444,2022-06-10T00:41:23Z,"happy hardcore,hardcore techno,electro house",0.555,0.954,5,-1.064,1,0.0849,0.000597,0.276,0.0292,0.4,169.956,4
7qK0mNHVdVbnqt3Prd26Vs,"0LhHRmSd1EYM5QdNeNnCoQ,4hNpdlfPY7R51u4FEkBxJG,2lPR8qx4H6y586exb4SyXk,79PC6rrXA39xOdNTf71dvN","Surrender - Hixxy Remix","Surrender (The Remixes)","Darude,Ashley Wallbridge,Foux,Hixxy",2019-08-30,204906,57,spotify:user:11124443444,2022-06-10T00:41:23Z,"eurodance,europop,finnish edm,trance,pop dance,progressive house,progressive trance,uplifting trance,happy hardcore,hardcore techno",0.467,0.965,7,-1.564,1,0.119,0.0155,0.00155,0.116,0.174,164.961,4
0jPoiWQ7QiC8mvp2yd6RdS,"1IQKojkhmlt1N4JRFS1IkH","Insomnia","Insomnia","Luxho",2022-05-20,214370,38,spotify:user:11124443444,2022-06-10T00:41:23Z,"",0.346,0.982,3,-3.451,1,0.306,0.00111,0.00000421,0.384,0.127,154.903,4
7dRuNBMc0ha8KjCsYuSEUC,"2DYDFBqoaBP2i9XrTGpOgF,2eOPTQxZPGde8cZPJv80SX","Neo Tokyo","Neo Tokyo","Naeleck,Kan Takahiko",2021-01-08,224000,58,spotify:user:11124443444,2022-06-10T00:41:23Z,"electro",0.484,0.955,6,-2.939,0,0.0452,0.00513,0.884,0.091,0.261,149.991,4
0ovuXuKfpKwn5oXLhqRj9p,"4uNw48Ory7s2FsgxCgUOUr","Awaken","Awaken","Cold Confusion",2020-10-23,230741,42,spotify:user:11124443444,2022-06-10T00:41:23Z,"hardstyle",0.408,0.942,9,-2.245,0,0.0703,0.00369,0,0.0527,0.0782,155.013,4
5mWpD43MObzKfamIwMKHE2,"6Xhhpra0X0hpvC3yZaQ0Du,7tEAlsvmuaVnKQyswnonem,4pqY01dGuzojomnVCXYbXC","Soulbound","Soulbound","B-Front,Ecstatic,MERYLL",2022-01-28,243178,41,spotify:user:11124443444,2022-06-10T00:41:23Z,"classic hardstyle,euphoric hardstyle,hardstyle,rawstyle",0.301,0.64,2,-5.605,0,0.0352,0.216,0.0416,0.0921,0.0408,74.077,4
3ytpNDBUIoqJtqm6Xe8mtF,"1BpCQRsYuiRg1TXKR2SQe1,3OhUveXjN6gDbNt7ygN8z6","We Got The Fire","We Got The Fire","Refuzion,Serzo",2022-05-20,222113,46,spotify:user:11124443444,2022-06-10T00:41:23Z,"classic hardstyle,euphoric hardstyle,hardstyle",0.487,0.911,6,-4.334,0,0.205,0.0277,0.00000288,0.361,0.389,154.956,4
7hiRSdih4ICJ2rCrEevMif,"5vFNYfxQeOHxUUlXDltAS7","Slow","Slow","Zyon",2022-03-31,153000,38,spotify:user:11124443444,2022-06-10T00:41:23Z,"hardstyle",0.361,0.815,0,-4.493,1,0.0788,0.0269,0,0.338,0.572,159.931,4
5pfNOHJ8AtdYWzpAYaF5vt,"6UOk7DmvqlzWmo6gjhZvn6,1rpLzYzfrueWdkpcIunZQl,1Wt63OMKtv6v2ivHuQLm2C","Spell On You","Legends Of The Elite","Da Tweekaz,Hard Driver,Coone",2022-03-25,239588,45,spotify:user:11124443444,2022-06-10T00:41:23Z,"classic hardstyle,euphoric hardstyle,rawstyle,belgian edm,jumpstyle",0.279,0.95,9,-4.213,1,0.0973,0.0016,0.0198,0.321,0.162,155.048,4
5zfKM5dXUfXLyekDkBUfyM,"18pYFSeMi7sOL6nGMICHtS","Be Alive","Be Alive","Psyko Punkz",2022-01-28,150402,47,spotify:user:11124443444,2022-06-10T00:41:23Z,"classic hardstyle,euphoric hardstyle,rawstyle",0.527,0.92,2,-3.426,0,0.0369,0.00841,0,0.0283,0.385,150.009,4
7mD85iEVS1TQa8zBLQZSIM,"4f0OXMMSxr0r8Ztx6CdpAl","The Silence (Of My Sins)","The Silence (Of My Sins)","Sub Zero Project",2020-07-01,242781,57,spotify:user:11124443444,2022-06-10T00:41:23Z,"euphoric hardstyle,rawstyle",0.496,0.949,6,-4.187,0,0.12,0.000807,0.00000997,0.153,0.344,155.031,4
4DGxtRF8XG98zSC9V1kkE6,"1Wt63OMKtv6v2ivHuQLm2C,6UOk7DmvqlzWmo6gjhZvn6,1rpLzYzfrueWdkpcIunZQl","Here To Stay","Legends Of The Elite","Coone,Da Tweekaz,Hard Driver",2022-03-25,262587,41,spotify:user:11124443444,2022-06-10T00:41:23Z,"belgian edm,classic hardstyle,euphoric hardstyle,jumpstyle,rawstyle",0.482,0.935,8,-5.081,0,0.108,0.0113,0.00065,0.118,0.331,150.036,4
6d5J48EfFtR9nam5d6j4My,"0xMCuSqF7uPefaatWnEx7F,5dJQQmKFxJoEovL4YqImlJ","Searching For Love","Searching For Love","Ruthless,Luca Rezza",2022-04-15,205600,37,spotify:user:11124443444,2022-06-10T00:41:23Z,"",0.628,0.898,10,-3.69,0,0.043,0.0122,0.0000564,0.313,0.487,149.905,3
3wV1CAw2Z83GU7gzTHNAUU,"0jYxHO34RyqiV6N6OCPHrU","The Future","The Future","Pulseraiser",2022-04-01,200000,38,spotify:user:11124443444,2022-06-10T00:41:23Z,"",0.492,0.946,5,-4.044,0,0.0723,0.00437,0.283,0.181,0.353,155.058,3
7pb3kBTl91oY2uszVWyxBe,"7FTQICqfx93tZdwZJb3wt2","Oasis","Oasis","Firelite",2022-01-18,220616,40,spotify:user:11124443444,2022-06-10T00:41:23Z,"euphoric hardstyle,hardstyle,rawstyle",0.552,0.964,1,-3.486,1,0.19,0.0027,0.000174,0.0419,0.514,159.987,4
1B2FQ2tntp1udaUuHd5XUB,"7IeovKzVkfcG9mIJGNzTcT,6yyPaE45AE346XVgFJgiaI","The Reawakening (Qlimax 2021 Anthem)","The Reawakening (Qlimax 2021 Anthem)","Ran-D,Charlotte Wessels",2021-10-14,333223,48,spotify:user:11124443444,2022-06-10T00:41:23Z,"classic hardstyle,rawstyle,tekk",0.242,0.952,1,-3.73,0,0.441,0.0202,0,0.0925,0.167,155.142,4
52173U8Lw9eFYIQUGZUpQT,"6L7a6wPGpvLtTwOsMLnF1z","Feel Inside","Feel Inside","D-Block & S-te-Fan",2020-08-18,195200,57,spotify:user:11124443444,2022-06-10T00:41:23Z,"classic hardstyle,euphoric hardstyle,rawstyle",0.549,0.921,0,-1.185,0,0.0636,0.00734,0.0000737,0.184,0.261,149.955,4
0AHRkAho9lWERZ8HZu0gOx,"7AGSJihqYPhYy5QzMcwcQT","Circles And Squares","Black Mirror Society","Phuture Noize",2018-06-11,197477,48,spotify:user:11124443444,2022-06-10T00:41:23Z,"australian dance,classic hardstyle,euphoric hardstyle,rawstyle",0.438,0.949,1,-1.719,0,0.047,0.0146,0.000607,0.0989,0.154,153.037,4
0kd4QYttPngU4rG9fekZvj,"2nsCjA4fEasmnlOK0wXU7T","The Hymn Of Nivoria","The Hymn Of Nivoria","NIVIRO",2021-08-13,187678,47,spotify:user:11124443444,2022-06-10T00:41:23Z,"gaming edm",0.162,0.822,1,-3.829,1,0.0669,0.0125,0.665,0.52,0.295,160.193,4
2rtPJAoZWyR7amEHMngAUc,"2gZzTzeACSwFqkMroVxmnm,4lC8Q0azW5ij2e1skZo377","Man On The Moon","Man On The Moon","Darren Styles,Stonebank",2021-10-21,252000,41,spotify:user:11124443444,2022-06-10T00:41:23Z,"happy hardcore,hardcore techno,brostep,edm,electro house,gaming edm",0.456,0.892,6,-4.759,0,0.376,0.0593,0.000151,0.233,0.258,159.883,4
1PVnSZcmBg0ObTk3x0Z8Me,"6UOk7DmvqlzWmo6gjhZvn6","White Lines","White Lines","Da Tweekaz",2022-01-14,190739,50,spotify:user:11124443444,2022-06-10T00:41:23Z,"classic hardstyle,euphoric hardstyle,rawstyle",0.501,0.889,2,-3.862,0,0.0432,0.0117,0,0.121,0.323,154.892,4
2xdkWIfBR6GLBOtoZDmnBw,"6K4XQXfV7Gill2ULeRu6fw","Fairy Dynasty","Fairy Dynasty","Inquisitive",2022-06-10,204055,26,spotify:user:11124443444,2022-06-10T23:04:15Z,"singaporean electronic",0.485,0.966,6,-2.802,1,0.11,0.00114,0.0169,0.314,0.277,159.964,4
